domain,rank
baidu.com,8
qq.com,13
netflix.net,25
microsoftonline.com,31
googleusercontent.com,38
taobao.com,41
163.com,42
macromedia.com,47
xvideos.com,48
pornhub.com,52
aliexpress.com,78
miit.gov.cn,81
xhamster.com,86
office.net,93
spankbang.com,98
mail.ru,99
wixsite.com,110
1688.com,120
twimg.com,125
xnxx.com,127
youku.com,129
iqiyi.com,136
cloudfront.net,148
alipay.com,170
chaturbate.com,188
stripchat.com,206
jianshu.com,216
realsrv.com,220
beian.gov.cn,225
independent.co.uk,242
amazon-adsystem.com,243
myspace.com,249
xiaohongshu.com,254
ggpht.com,292
akamaized.net,293
smzdm.com,331
msftconnecttest.com,343
usnews.com,361
eporner.com,371
azureedge.net,388
missav.com,407
livejasmin.com,428
sxyprn.com,443
akamaihd.net,457
2mdn.net,458
dmm.co.jp,461
51cto.com,467
trafficmanager.net,468
zol.com.cn,479
newyorker.com,497
noodlemagazine.com,508
nhentai.net,509
media-amazon.com,511
livedoor.jp,515
qidian.com,534
gov.cn,556
people.com.cn,576
ucla.edu,581
licdn.com,594
e-hentai.org,610
shaparak.ir,612
jsdelivr.net,644
alicdn.com,663
a2z.com,666
azurewebsites.net,668
uk.com,669
youporn.com,711
bytedance.net,715
nga.cn,729
4399.com,732
zoukankan.com,754
1337x.to,758
erome.com,763
xhamster18.desi,768
icourse163.org,790
178.com,829
dhl.com,862
dingtalk.com,866
hicloud.com,882
dlsite.com,887
myworkdayjobs.com,889
fidelity.com,896
nhk.or.jp,907
colorado.edu,908
2345.com,917
tokyomotion.net,941
chinatax.gov.cn,948
mlb.com,956
oschina.net,962
tnaflix.com,978
seznam.cz,997
redtube.com,998
virginia.edu,1002
us.com,1005
motherless.com,1011
txxx.com,1017
tsinghua.edu.cn,1018
sina.cn,1029
porntrex.com,1034
lazada.sg,1060
goo.ne.jp,1062
hqporner.com,1063
lenta.ru,1071
army.mil,1075
foodnetwork.com,1076
yuketang.cn,1082
zju.edu.cn,1142
pornzog.com,1148
mgtv.com,1162
ixxx.com,1184
omnitagjs.com,1188
doorblog.jp,1198
linksynergy.com,1205
navy.mil,1220
redgifs.com,1232
sberbank.ru,1246
ed.ac.uk,1251
ctfile.com,1252
alibaba-inc.com,1259
delta.com,1277
riotgames.com,1285
mcafee.com,1302
netdna-ssl.com,1306
hotels.com,1312
lanzoug.com,1313
pornone.com,1315
lazada.co.th,1317
youjizz.com,1318
xunlei.com,1341
tktube.com,1348
upornia.com,1349
189.cn,1361
aa.com,1363
custhelp.com,1367
yhdmp.cc,1386
optnx.com,1392
bendibao.com,1421
xfantazy.com,1423
rezka.ag,1424
pornpics.com,1432
securityfocus.com,1445
japanpost.jp,1447
javhdporn.net,1494
onlinedown.net,1501
weiyun.com,1506
b2clogin.com,1517
bongacams.com,1525
beijing.gov.cn,1537
vatican.va,1540
lanhuapp.com,1558
gwu.edu,1582
yp.to,1590
ehow.com,1595
denverpost.com,1597
chinanews.com,1601
sentinelone.net,1609
mihoyo.com,1615
mos.ru,1618
af.mil,1620
javdb.com,1622
000webhostapp.com,1635
huanqiu.com,1637
mhlw.go.jp,1653
mozilla.net,1654
nunuyy5.org,1659
jav.guru,1663
hbs.edu,1670
serving-sys.com,1692
samsungcloud.com,1694
eu.com,1711
rei.com,1724
66law.cn,1727
experian.com,1777
faa.gov,1782
sci-hub.se,1793
fanfiction.net,1801
nifty.com,1814
chinanews.com.cn,1828
gq.com,1838
libpng.org,1840
cityheaven.net,1857
fmovies.to,1863
qcloud.com,1864
ec-lyon.fr,1890
lazada.com.ph,1904
githubusercontent.com,1924
errors.net,1932
jst.go.jp,1936
lazada.com.my,1941
scholastic.com,1948
kugou.com,1951
58pic.com,1955
hsforms.com,1966
e621.net,1984
mozgcp.net,1992
dbankcloud.cn,1993
simpcity.su,2009
rackcdn.com,2027
patria.org.ve,2030
myfreecams.com,2032
sex.com,2045
17173.com,2055
amazon.dev,2058
36kr.com,2075
aznude.com,2076
editorialmanager.com,2099
hanime.tv,2119
caliente.mx,2131
moe.gov.cn,2132
nordvpn.com,2141
po-kaki-to.com,2145
wnacg.org,2146
gmarket.co.kr,2180
footprint.net,2210
torproject.org,2213
u-tokyo.ac.jp,2217
biancheng.net,2219
glamour.com,2224
kuronekoyamato.co.jp,2232
sextb.net,2237
bankmellat.ir,2261
newsmax.com,2296
neexulro.net,2304
wto.org,2309
sspai.com,2318
avgle.com,2319
f95zone.to,2327
360kuai.com,2337
discovermagazine.com,2362
dandanzan10.top,2376
cas.cn,2400
watchfreejavonline.co,2407
ondemand.com,2413
href.li,2421
xhamster.desi,2436
azurefd.net,2442
vjav.com,2449
fazenda.gov.br,2456
oray.com,2483
wistia.net,2486
us.org,2497
eitaa.com,2505
imagefap.com,2508
syf.com,2527
javbus.com,2529
ok.xxx,2541
utorrent.com,2575
emofid.com,2578
incestflix.com,2609
ibytedtos.com,2616
x-mol.com,2618
right.com.cn,2624
thefappeningblog.com,2636
lazada.co.id,2658
perfectgirls.net,2670
milliyet.com.tr,2677
infoseek.co.jp,2690
ultipro.com,2707
pornkai.com,2711
myzaker.com,2712
allawnos.com,2713
jimdosite.com,2717
clickbank.net,2727
beeg.com,2745
west.cn,2747
mirconnect.ru,2754
12371.cn,2756
esy.es,2759
sbrf.ru,2764
xvideos.es,2782
updateenow.com,2787
58.com,2792
3d66.com,2795
quantummetric.com,2800
ky.gov,2802
bit.do,2807
literotica.com,2818
weather.com.cn,2821
pornhat.com,2823
callofduty.com,2826
clips4sale.com,2828
ip138.com,2831
kroger.com,2844
ntu.edu.tw,2858
gesetze-im-internet.de,2865
myftpupload.com,2880
apartments.com,2892
xitongzhijia.net,2893
imooc.com,2907
lofter.com,2910
fuq.com,2914
yodobashi.com,2918
diabetes.org,2924
bmi.ir,2925
1x001.com,2933
mykajabi.com,2941
erothots.co,2942
hetapus.com,2944
hdsex.org,2947
gsxt.gov.cn,2948
boc.cn,2950
shobserver.com,2959
cdiscount.com,2960
activision.com,2962
downza.cn,2964
lazada.vn,2966
sofascore.com,2974
brazzers.com,2984
network-auth.com,2988
elecfans.com,2999
bt-tt.com,3027
javmost.com,3028
sankakucomplex.com,3032
banvenez.com,3041
wi.gov,3046
nudevista.com,3050
91duba.com,3054
telewebion.com,3055
mcbbs.net,3067
afp.com,3070
staples.com,3073
conferdeploy.net,3087
stats.gov.cn,3095
zarinpal.com,3099
zdassets.com,3103
cambro.tv,3106
anjuke.com,3110
hola.org,3111
people.cn,3120
shell.com,3127
pochta.ru,3131
square-enix.com,3144
pc6.com,3160
enamad.ir,3161
sat.gob.mx,3168
imhentai.xxx,3172
lululemon.com,3201
pantheonsite.io,3204
incometax.gov.in,3206
volvocars.com,3209
parliament.uk,3210
christies.com,3213
xgroovy.com,3215
yoojia.com,3231
uni-muenchen.de,3234
louisvuitton.com,3238
hdzog.com,3256
qiita.com,3258
bom.gov.au,3262
itemfix.com,3272
thaudray.com,3283
meti.go.jp,3290
mlit.go.jp,3294
liepin.com,3301
manyvids.com,3303
ngabbs.com,3307
mofa.go.jp,3308
cainiao.com,3312
downxia.com,3314
kobo.com,3323
madrasati.sa,3361
tb.cn,3373
exhentai.org,3382
ssacdn.com,3418
tci.ir,3421
greenend.org.uk,3422
9damaogame.net,3426
tanium.com,3437
urporn.com,3442
exporntoons.net,3449
nhc.gov.cn,3471
synchrony.com,3486
adliran.ir,3494
xjtu.edu.cn,3514
repec.org,3521
pornhubpremium.com,3558
comodo.com,3579
esteri.it,3584
javlibrary.com,3589
cocolog-nifty.com,3598
goodporn.to,3607
n11.com,3628
gaymaletube.com,3633
nju.edu.cn,3644
kuaidi100.com,3654
ohio-state.edu,3696
adultfriendfinder.com,3717
hust.edu.cn,3722
state.co.us,3728
adtng.com,3731
absher.sa,3739
draftkings.com,3750
xuetangx.com,3754
sexkbj.com,3760
g2afse.com,3765
tubesafari.com,3766
paytm.in,3784
64365.com,3792
nudostar.com,3801
basalam.com,3817
bts.gov,3833
fmprc.gov.cn,3836
meb.gov.tr,3845
techopedia.com,3849
rakuten.ne.jp,3870
somode.com,3881
mercantilbanco.com,3889
ndrc.gov.cn,3908
queue-it.net,3913
bancodevenezuela.com,3942
elsevierhealth.com,3943
japaneseasmr.com,3946
mangafreak.net,3952
lpsnmedia.net,3983
courant.com,4007
nii.ac.jp,4016
xfreehd.com,4018
activecampaign.com,4024
images-amazon.com,4032
588ku.com,4035
jiemian.com,4037
daraz.com.bd,4057
playvids.com,4070
rs-online.com,4072
yourtango.com,4081
tubegalore.com,4085
4kporn.xxx,4096
cn-healthcare.com,4099
sothebys.com,4100
cbn.com,4114
doe.gov,4117
cudasvc.com,4118
influencersgonewild.com,4122
sanook.com,4123
post.ir,4126
net-a-porter.com,4127
utm.edu,4132
wisconsin.gov,4135
secureservercdn.net,4145
csic.es,4164
thumbzilla.com,4173
cam4.com,4181
mysmth.net,4209
cnipa.gov.cn,4224
emb-japan.go.jp,4226
bbci.co.uk,4233
popin.cc,4252
scs.gov.cn,4263
lanzoub.com,4278
sciencenet.cn,4294
vcg.com,4299
axisbank.co.in,4301
usajobs.gov,4307
qstheory.cn,4314
cuni.cz,4337
dbankcdn.com,4359
doyo.cn,4365
almanac.com,4387
wechat.com,4390
jpn.org,4394
sunporno.com,4401
bnnbloomberg.ca,4424
drtuber.com,4436
javmost.cx,4439
javhub.net,4441
xozilla.com,4446
jma.go.jp,4457
xsrv.jp,4470
xinpianchang.com,4493
web-hosting.com,4495
tokyo.lg.jp,4515
eleconomista.es,4519
mioffice.cn,4531
pbc.gov.cn,4543
linkbux.com,4549
exdynsrv.com,4591
fpo.xxx,4596
bis.org,4618
garena.com,4635
nutaku.net,4636
nipic.com,4642
tu-berlin.de,4658
modao.cc,4668
winwin7.com,4669
mid.ru,4700
nsdl.com,4701
zozo.jp,4717
thisismoney.co.uk,4746
manongjc.com,4759
dwcdn.net,4766
consumersteer.com,4773
peekvids.com,4796
soumu.go.jp,4798
huji.ac.il,4801
kent.edu,4802
cmegroup.com,4832
wandoujia.com,4841
xvideos2.com,4848
maturetube.com,4870
ok.gov,4872
anl.gov,4903
zodgame.xyz,4904
tax.gov.ir,4905
loopnet.com,4913
yutu.cn,4928
at.ua,4981
walmartimages.com,4991
oas.org,4999
haodf.com,5008
hentaihaven.xxx,5022
dreamhosters.com,5023
recurbate.com,5031
uv.es,5038
xnxx.gold,5039
dartsearch.net,5043
hot-sex-tube.com,5046
sonyentertainmentnetwork.com,5052
analvids.com,5071
bittorrent.com,5074
awmdm.com,5075
sgsnssdk.com,5077
upstream.to,5087
mufg.jp,5103
customs.gov.cn,5130
xvideos51.com,5135
eqxiu.com,5149
osd.mil,5154
dataaps.com,5169
wannianli8.com,5187
bangbros.com,5204
tt1069.com,5211
ru.com,5216
getgo.com,5220
env.go.jp,5225
wnacg.com,5231
nta.go.jp,5242
banesconline.com,5247
mext.go.jp,5267
wal-mart.com,5269
nivod.tv,5293
e2ma.net,5306
government.ru,5360
aaxads.com,5375
davisonbarker.pro,5378
ytmp3.nu,5381
kompoz2.com,5383
dtic.mil,5395
betanews.com,5396
shufflesex.com,5418
modb.pro,5422
agah.com,5426
blu-ray.com,5430
heraldnet.com,5433
richmond.com,5461
tinyurl.so,5492
goskope.com,5493
mofidonline.com,5499
playstation.net,5502
rzd.ru,5506
sbisec.co.jp,5508
earthsky.org,5529
1905.com,5547
hdporn92.com,5553
yhdmp.live,5556
purewow.com,5560
laowang.vip,5561
uni-frankfurt.de,5581
heavy-r.com,5590
techtudo.com.br,5607
abchina.com,5612
jobui.com,5619
ldmnq.com,5634
longisland.com,5651
mcas.ms,5653
jfdaily.com,5654
njav.tv,5661
thegioididong.com,5667
ncaa.org,5682
pinggu.org,5689
hmoe11.net,5692
ems.com.cn,5737
tube8.com,5765
gigya.com,5788
nintendo.net,5789
chinamobile.com,5818
livetv.sx,5830
cutt.us,5832
uk.net,5838
sse.com.cn,5851
williamhill.com,5853
sehuatang.net,5861
astronomy.com,5864
vxxx.com,5865
bg4nxu2u5t.com,5880
gcs-web.com,5901
icloud.com.cn,5913
wroc.pl,5917
gearbest.com,5918
nikkei.co.jp,5945
carmax.com,5948
battlenet.com.cn,5952
zscalerthree.net,5954
hihonor.com,5957
fullporner.com,5973
mxpnl.com,5979
crazyshit.com,5987
tucows.com,5990
ddns.net,5991
brassring.com,6002
english-heritage.org.uk,6012
biz.ua,6016
hentaimama.io,6033
hentaifox.com,6036
en25.com,6053
mysynchrony.com,6061
no-ip.org,6077
prospect.org,6094
nat.gov.tw,6110
soap2day.rs,6122
corporate-ir.net,6136
bham.ac.uk,6138
synxis.com,6146
wegame.com.cn,6148
uscg.mil,6150
efukt.com,6152
hstgr.io,6167
multiscreensite.com,6193
ic.ac.uk,6198
javashuo.com,6206
stake.com,6220
xmoviesforyou.com,6230
mee.gov.cn,6247
national-lottery.co.uk,6248
cstnet.cn,6254
challonge.com,6259
sportsdirect.com,6271
upv.es,6279
windscribe.com,6284
yicai.com,6290
unirioja.es,6308
xitongcheng.com,6319
naughtyamerica.com,6325
unina.it,6365
crazyporn.xxx,6367
osaka-u.ac.jp,6379
sweepstakessurveytoday.com,6389
jreast.co.jp,6396
maff.go.jp,6406
unicamp.br,6413
superchatlive.com,6421
strath.ac.uk,6426
getrevue.co,6428
streamtape.to,6430
ust.hk,6431
microsoftstream.com,6438
jit.si,6446
nbd.com.cn,6450
mizbanfa.net,6455
inmobicdn.net,6472
us.es,6478
vim.org,6513
dsw.com,6542
gaytor.rent,6547
meipian.cn,6560
securecafe.com,6561
hokudai.ac.jp,6576
domp4.cc,6581
biqle.ru,6602
ilmessaggero.it,6628
internetchicks.com,6639
jobvision.ir,6642
yebaike.com,6647
ipfs.io,6650
shrinke.me,6683
aruba.it,6687
etihad.com,6703
nurxxx.mobi,6709
thethothub.com,6733
360safe.com,6768
microsoft.us,6773
betway.co.za,6777
wpcomstaging.com,6783
cninfo.com.cn,6798
hetaruwg.com,6811
uhaul.com,6812
misterpoll.com,6813
themarysue.com,6824
jmu.edu,6830
monetate.net,6852
fuse-cloud.com,6869
tn.gov.in,6886
csrc.gov.cn,6896
18comic.org,6940
rikunabi.com,6943
wikifeet.com,6956
win7zhijia.cn,6964
decipherinc.com,6973
uni-trier.de,6975
freeporn8.com,6976
emc.com,6986
china.cn,6990
marines.mil,6992
rada.gov.ua,6994
veporno.net,7005
onejav.com,7038
humana.com,7043
srvpcn.com,7054
ks.gov,7057
luscious.net,7068
liqucn.com,7086
oreno3d.com,7096
bovada.lv,7098
jaxa.jp,7111
brazzersnetwork.com,7112
skokka.com,7122
bet9ja.com,7125
gayboystube.com,7128
record.pt,7136
mgstage.com,7142
onlyfreesquirtingporn.com,7144
medu.ir,7157
adobeconnect.com,7162
eloqua.com,7165
cj.com,7180
nmpa.gov.cn,7185
gouv.qc.ca,7193
umweltbundesamt.de,7211
pornmd.com,7213
kbjfree.com,7217
nuvid.com,7241
bancoestado.cl,7244
tohoku.ac.jp,7266
fortinet.net,7271
shad.ir,7272
uni-mainz.de,7276
downyi.com,7292
freeones.com,7296
5axxw.com,7299
gunbroker.com,7304
doodstream.com,7322
ewaybillgst.gov.in,7331
cao.go.jp,7347
oddschecker.com,7350
tu-darmstadt.de,7367
ntsw.ir,7370
ptwxz.com,7371
sinica.edu.tw,7393
uni-lj.si,7401
netflav.com,7422
hxcy.moe,7444
3movs.com,7461
secureinternetbank.com,7465
tonyrobbins.com,7467
gdtot.cfd,7471
shopifycloud.com,7474
assemblee-nationale.fr,7477
meitu.com,7489
guidechem.com,7494
camsoda.com,7518
bbcollab.com,7523
kiro7.com,7540
mybigcommerce.com,7567
53kf.com,7568
hujiang.com,7583
protonvpn.com,7584
daumcdn.net,7603
boundhub.com,7610
bolshoyvopros.ru,7624
rakuten-bank.co.jp,7635
jianshu.io,7643
gizmoxxx.com,7666
playboy.com,7690
donya-e-eqtesad.com,7694
ionicframework.com,7700
xnxx.tv,7713
gmpg.org,7724
uqam.ca,7726
cscec.com,7747
yt5s.io,7749
tubepornclassic.com,7758
iol.pt,7760
trendyporn.com,7775
tubepornstars.com,7792
hunker.com,7803
jiomart.com,7828
anysex.com,7838
redwap-xxx.com,7859
mi-img.com,7918
smbc-card.com,7930
waseda.jp,7937
lib.ru,7944
gaiaonline.com,7945
vmwservices.com,7952
stfly.me,7962
beeline.ru,7967
av01.tv,7972
mobypicture.com,7973
ua.es,7974
uned.es,7975
tacobell.com,7990
adultdvdempire.com,7993
fueleconomy.gov,8010
flirt4free.com,8028
51dongshi.com,8040
videocelebs.net,8045
biccamera.com,8052
eastbaytimes.com,8065
xidian.edu.cn,8074
bpb.de,8075
coloros.com,8119
jetstar.com,8121
hentai2read.com,8129
svscomics.com,8154
multporn.net,8159
arbitr.ru,8160
anitube.site,8162
blesk.cz,8168
straightdope.com,8186
hentaila.com,8190
alohatube.com,8199
americascardroom.eu,8217
uoa.gr,8225
createspace.com,8232
carview.co.jp,8247
yunxuetang.cn,8258
gamepressure.com,8263
waaw.to,8275
gematsu.com,8287
ucweb.com,8298
kaotic.com,8308
gamespy.com,8310
truefitcorp.com,8314
thewest.com.au,8328
lindaikejisblog.com,8334
creditonebank.com,8345
gayforfans.com,8351
tsukuba.ac.jp,8352
roundme.com,8373
tukif.com,8407
planetsuzy.org,8411
zscaler.net,8435
worldtimeserver.com,8482
cwb.gov.tw,8484
pornovideoshub.com,8504
ucas.ac.cn,8521
expressnews.com,8522
blackenterprise.com,8532
barstoolsports.com,8535
beaconjournal.com,8559
pornhub.org,8563
gazzettaufficiale.it,8567
mercer.com,8568
ntnu.edu.tw,8573
careeronestop.org,8584
clicrbs.com.br,8599
nagoya-u.ac.jp,8611
pozdravok.com,8630
uma.es,8635
e1.ru,8640
ebanksepah.ir,8647
wegotthiscovered.com,8657
fontke.com,8714
wjhsh.net,8731
lawrence.com,8760
playno1.com,8768
eroprofile.com,8788
openrice.com,8797
sss.xxx,8811
ssaa.ir,8812
mass.edu,8833
webtoon.xyz,8834
pelisplus2.io,8838
gxzf.gov.cn,8842
iegybest.film,8850
himovies.to,8860
pse.com.co,8864
kyushu-u.ac.jp,8868
hsex.men,8873
csuchico.edu,8880
rutor.info,8881
toledoblade.com,8922
megafon.ru,8947
bankofchina.com,8952
uni-regensburg.de,8958
xrares.com,8970
plateau.com,8974
mizuhobank.co.jp,8975
casadellibro.com,8983
omron.com,9046
codinghorror.com,9047
riken.jp,9068
bsi.ir,9096
hkexnews.hk,9105
dyson.com,9123
epolice.ir,9146
ibanking-services.com,9153
getchu.com,9165
mfa.gov.cn,9168
punjab.gov.pk,9170
jetro.go.jp,9174
cool18.com,9181
cyberghostvpn.com,9190
camstreams.tv,9197
startappservice.com,9201
sexvid.xxx,9209
family-simulator.io,9229
leakedzone.com,9248
lottery.gov.cn,9250
cdntechone.com,9260
hentaiera.com,9287
betus.com.pa,9288
liaoxuefeng.com,9291
moj.go.jp,9315
cachefly.net,9327
constantcontactpages.com,9329
xxxbunker.com,9332
anon-v.com,9337
setadiran.ir,9340
infinitynewtab.com,9354
honda.co.jp,9356
polito.it,9361
shopifyapps.com,9362
thothub.is,9369
perfdrive.com,9420
lasexta.com,9423
aawsat.com,9427
watchfreekav.com,9450
wankoz.com,9457
tyc.edu.tw,9466
frommers.com,9480
gov.za,9485
yjc.news,9486
wapbold.com,9500
csc.edu.cn,9515
freshpops.net,9528
cbi.ir,9535
theparisreview.org,9558
fzmovies.net,9562
clicknupload.to,9576
samsungiotcloud.com,9577
xxx.com,9617
up.ac.za,9634
vipergirls.to,9636
voyeurhit.com,9641
snappfood.ir,9656
forebet.com,9680
sojson.com,9692
realitykings.com,9698
italia.it,9704
rajwap.tv,9709
mndsrv.com,9719
joyclub.de,9761
ignou.ac.in,9805
kanzhun.com,9807
faponic.com,9813
gotanynudes.com,9814
gov.hk,9827
peninsuladailynews.com,9840
pictoa.com,9842
porngo.com,9847
evenue.net,9885
porntop.com,9886
lavoixdunord.fr,9907
visariomedia.com,9914
adultwork.com,9918
sa.com,9927
nationaleatingdisorders.org,9934
nick.com,9936
xxxhdvideo.mobi,9939
youjizz.sex,9943
dailycamera.com,9954
lobstertube.com,9965
rule34.us,9984
hdtube.porn,9987
1xbet.com,9991
hotmovies.com,9995
gamcore.com,9999